/*!40101 SET @OLD_CHARACTER_SET_CLIENT=@@CHARACTER_SET_CLIENT */;
/*!40101 SET NAMES utf8 */;
/*!50503 SET NAMES utf8mb4 */;
/*!40103 SET @OLD_TIME_ZONE=@@TIME_ZONE */;
/*!40103 SET TIME_ZONE='+00:00' */;
/*!40014 SET @OLD_FOREIGN_KEY_CHECKS=@@FOREIGN_KEY_CHECKS, FOREIGN_KEY_CHECKS=0 */;
/*!40101 SET @OLD_SQL_MODE=@@SQL_MODE, SQL_MODE='NO_AUTO_VALUE_ON_ZERO' */;
/*!40111 SET @OLD_SQL_NOTES=@@SQL_NOTES, SQL_NOTES=0 */;

CREATE DATABASE IF NOT EXISTS `umi_izakaya` /*!40100 DEFAULT CHARACTER SET utf8mb4 COLLATE utf8mb4_general_ci */;
USE `umi_izakaya`;

CREATE TABLE IF NOT EXISTS `bill` (
  `billID` varchar(50) NOT NULL,
  `wasPay` tinyint(1) NOT NULL,
  `time` datetime NOT NULL,
  `payment` double NOT NULL,
  PRIMARY KEY (`billID`)
) ENGINE=InnoDB DEFAULT CHARSET=utf8mb4 COLLATE=utf8mb4_general_ci;

INSERT INTO `bill` (`billID`, `wasPay`, `time`, `payment`) VALUES
	('03_04_2025_00:12:38', 1, '2025-04-03 00:12:38', 232),
	('22_05_2025_17:18:36', 1, '2025-05-22 17:18:45', 58),
	('22_05_2025_18:15:02', 1, '2025-05-22 18:17:11', 154),
	('22_05_2025_20:45:35', 1, '2025-05-22 20:46:44', 159),
	('25_05_2025_00:32:22', 1, '2025-05-25 00:32:32', 218),
	('25_05_2025_01:43:50', 1, '2025-05-25 01:43:58', 58),
	('25_05_2025_01:48:37', 1, '2025-05-25 01:48:46', 58),
	('25_05_2025_01:56:00', 1, '2025-05-25 01:59:29', 1157),
	('25_05_2025_03:04:20', 1, '2025-05-25 03:15:36', 79),
	('25_05_2025_03:39:27', 1, '2025-05-25 03:40:07', 116),
	('25_05_2025_03:42:18', 1, '2025-05-25 03:43:16', 96),
	('25_05_2025_03:42:46', 1, '2025-05-25 03:43:09', 48),
	('25_05_2025_03:43:54', 1, '2025-05-25 03:43:59', 48),
	('25_05_2025_14:29:51', 1, '2025-05-25 14:30:34', 116),
	('26_03_2025_21:48:44', 1, '2025-03-26 21:48:44', 154),
	('26_03_2025_22:08:03', 1, '2025-03-26 22:08:03', 293),
	('26_03_2025_22:08:06', 1, '2025-03-26 22:08:06', 239),
	('26_03_2025_23:59:17', 1, '2025-03-26 23:59:17', 807),
	('26_03_2025_23:59:34', 1, '2025-03-26 23:59:34', 468),
	('26_03_2025_23:59:48', 1, '2025-03-26 23:59:48', 397),
	('26_05_2025_08:16:55', 1, '2025-05-26 08:17:26', 1323),
	('26_05_2025_08:39:07', 1, '2025-05-26 08:39:20', 492),
	('26_05_2025_08:44:24', 1, '2025-05-26 08:44:29', 49),
	('27_03_2025_00:00:06', 1, '2025-03-27 00:00:06', 492),
	('27_03_2025_00:00:31', 1, '2025-03-27 00:00:31', 743),
	('27_03_2025_00:00:51', 1, '2025-03-27 00:00:51', 466),
	('27_03_2025_00:01:07', 1, '2025-03-27 00:01:07', 361),
	('27_03_2025_00:02:31', 1, '2025-03-27 00:02:31', 387),
	('27_03_2025_07:44:46', 1, '2025-03-27 07:44:46', 144),
	('27_03_2025_07:45:54', 1, '2025-03-27 07:45:54', 48),
	('27_03_2025_07:48:59', 1, '2025-03-27 07:48:59', 49),
	('27_03_2025_07:57:05', 1, '2025-03-27 07:57:05', 79),
	('27_03_2025_07:58:34', 1, '2025-03-27 07:58:34', 79),
	('27_03_2025_08:02:27', 1, '2025-03-27 08:02:27', 116),
	('27_03_2025_08:05:30', 1, '2025-03-27 08:05:30', 79),
	('27_03_2025_08:09:18', 1, '2025-03-27 08:09:18', 79),
	('27_03_2025_08:11:27', 1, '2025-03-27 08:11:27', 48),
	('27_03_2025_08:26:01', 1, '2025-03-27 08:26:01', 49),
	('27_03_2025_08:28:01', 1, '2025-03-27 08:28:01', 79),
	('27_03_2025_08:29:58', 1, '2025-03-27 08:29:58', 49),
	('27_03_2025_08:30:53', 1, '2025-03-27 08:30:53', 49),
	('27_03_2025_08:31:13', 1, '2025-03-27 08:31:13', 49),
	('27_03_2025_08:32:35', 1, '2025-03-27 08:32:35', 58),
	('27_03_2025_08:33:22', 1, '2025-03-27 08:33:22', 48),
	('27_03_2025_08:34:17', 1, '2025-03-27 08:34:17', 79),
	('27_03_2025_08:41:18', 1, '2025-03-27 08:41:18', 49),
	('27_03_2025_08:52:30', 1, '2025-03-27 08:52:30', 79),
	('27_03_2025_09:09:49', 1, '2025-03-27 09:09:49', 1039),
	('28_05_2025_03:11:16', 1, '2025-05-28 21:33:03', 385),
	('28_05_2025_03:11:31', 1, '2025-05-28 21:55:57', 144),
	('28_05_2025_03:14:26', 1, '2025-05-28 21:55:58', 158),
	('28_05_2025_04:00:53', 1, '2025-05-28 23:44:52', 748),
	('28_05_2025_16:01:41', 1, '2025-05-28 16:13:08', 158),
	('28_05_2025_21:35:35', 1, '2025-05-28 21:35:36', 48),
	('28_05_2025_21:48:51', 1, '2025-05-28 21:49:04', 795),
	('28_05_2025_21:51:52', 1, '2025-05-28 21:51:56', 1008),
	('28_05_2025_21:54:27', 1, '2025-05-28 21:54:28', 800),
	('28_05_2025_21:54:47', 1, '2025-05-28 21:54:56', 670),
	('28_05_2025_23:10:01', 1, '2025-05-29 02:29:36', 288),
	('29_05_2025_02:35:05', 1, '2025-05-29 02:46:41', 288),
	('29_05_2025_02:47:26', 1, '2025-05-29 02:47:33', 237),
	('29_05_2025_02:47:40', 1, '2025-05-29 02:47:49', 335),
	('29_05_2025_02:47:56', 1, '2025-05-29 02:48:09', 575),
	('29_05_2025_02:48:15', 1, '2025-05-29 02:48:19', 48),
	('29_05_2025_03:20:51', 1, '2025-05-29 08:12:20', 589),
	('29_05_2025_03:21:03', 1, '2025-06-13 22:29:28', 318),
	('29_05_2025_03:21:14', 1, '2025-06-13 22:29:44', 425),
	('29_05_2025_03:21:24', 1, '2025-06-13 22:29:46', 448),
	('29_05_2025_03:21:42', 1, '2025-06-13 22:29:40', 384),
	('29_05_2025_03:23:11', 1, '2025-06-13 22:29:34', 625),
	('29_05_2025_03:59:16', 1, '2025-06-13 22:29:31', 480),
	('29_05_2025_04:09:39', 1, '2025-05-29 08:07:41', 483),
	('29_05_2025_04:40:51', 1, '2025-06-13 22:29:36', 147),
	('29_05_2025_04:49:46', 1, '2025-06-13 22:29:38', 316);

CREATE TABLE IF NOT EXISTS `detail_receipt` (
  `dishID` varchar(10) NOT NULL,
  `billID` varchar(50) NOT NULL,
  `dishQuantity` int(11) NOT NULL,
  PRIMARY KEY (`dishID`,`billID`),
  UNIQUE KEY `uk_bill_dish` (`billID`,`dishID`),
  CONSTRAINT `FK_RECEIPT_BILL` FOREIGN KEY (`billID`) REFERENCES `bill` (`billID`) ON DELETE CASCADE ON UPDATE CASCADE,
  CONSTRAINT `FK_USED_DISH_ID` FOREIGN KEY (`dishID`) REFERENCES `dish` (`dishID`) ON DELETE CASCADE ON UPDATE CASCADE
) ENGINE=InnoDB DEFAULT CHARSET=utf8mb4 COLLATE=utf8mb4_general_ci;

INSERT INTO `detail_receipt` (`dishID`, `billID`, `dishQuantity`) VALUES
	('#D001', '03_04_2025_00:12:38', 4),
	('#D001', '22_05_2025_17:18:36', 1),
	('#D001', '22_05_2025_18:15:02', 1),
	('#D001', '25_05_2025_01:43:50', 1),
	('#D001', '25_05_2025_01:48:37', 1),
	('#D001', '25_05_2025_01:56:00', 1),
	('#D001', '25_05_2025_03:39:27', 2),
	('#D001', '25_05_2025_14:29:51', 2),
	('#D001', '26_03_2025_22:08:03', 2),
	('#D001', '26_03_2025_23:59:34', 3),
	('#D001', '26_05_2025_08:16:55', 3),
	('#D001', '27_03_2025_00:00:51', 2),
	('#D001', '27_03_2025_00:01:07', 1),
	('#D001', '27_03_2025_08:02:27', 2),
	('#D001', '27_03_2025_08:32:35', 1),
	('#D001', '27_03_2025_09:09:49', 2),
	('#D001', '28_05_2025_03:11:16', 1),
	('#D001', '28_05_2025_03:11:31', 1),
	('#D001', '28_05_2025_21:35:35', 1),
	('#D001', '28_05_2025_21:51:52', 10),
	('#D001', '28_05_2025_23:10:01', 6),
	('#D001', '29_05_2025_02:35:05', 4),
	('#D001', '29_05_2025_02:47:56', 1),
	('#D001', '29_05_2025_02:48:15', 1),
	('#D001', '29_05_2025_03:20:51', 3),
	('#D001', '29_05_2025_03:23:11', 2),
	('#D001', '29_05_2025_04:09:39', 7),
	('#D002', '22_05_2025_18:15:02', 1),
	('#D002', '25_05_2025_01:56:00', 1),
	('#D002', '25_05_2025_03:42:18', 2),
	('#D002', '25_05_2025_03:42:46', 1),
	('#D002', '25_05_2025_03:43:54', 1),
	('#D002', '26_03_2025_21:48:44', 1),
	('#D002', '26_03_2025_23:59:48', 1),
	('#D002', '26_05_2025_08:16:55', 3),
	('#D002', '27_03_2025_00:00:51', 2),
	('#D002', '27_03_2025_00:01:07', 2),
	('#D002', '27_03_2025_07:45:54', 1),
	('#D002', '27_03_2025_08:11:27', 1),
	('#D002', '27_03_2025_08:33:22', 1),
	('#D002', '27_03_2025_09:09:49', 1),
	('#D002', '28_05_2025_03:11:16', 1),
	('#D002', '28_05_2025_21:51:52', 6),
	('#D002', '29_05_2025_02:35:05', 1),
	('#D002', '29_05_2025_02:47:56', 1),
	('#D002', '29_05_2025_03:59:16', 5),
	('#D003', '22_05_2025_18:15:02', 1),
	('#D003', '25_05_2025_01:56:00', 1),
	('#D003', '26_03_2025_21:48:44', 1),
	('#D003', '26_03_2025_23:59:48', 4),
	('#D003', '26_05_2025_08:16:55', 3),
	('#D003', '27_03_2025_00:00:06', 1),
	('#D003', '27_03_2025_00:00:51', 2),
	('#D003', '27_03_2025_00:02:31', 2),
	('#D003', '27_03_2025_07:44:46', 3),
	('#D003', '27_03_2025_09:09:49', 1),
	('#D003', '28_05_2025_03:11:16', 1),
	('#D003', '28_05_2025_03:11:31', 2),
	('#D003', '28_05_2025_04:00:53', 4),
	('#D003', '28_05_2025_21:51:52', 5),
	('#D003', '29_05_2025_02:35:05', 1),
	('#D003', '29_05_2025_02:47:56', 1),
	('#D003', '29_05_2025_03:21:24', 2),
	('#D003', '29_05_2025_03:59:16', 5),
	('#D004', '25_05_2025_01:56:00', 1),
	('#D004', '26_03_2025_23:59:17', 1),
	('#D004', '26_03_2025_23:59:48', 1),
	('#D004', '26_05_2025_08:16:55', 3),
	('#D004', '27_03_2025_00:02:31', 2),
	('#D004', '27_03_2025_09:09:49', 1),
	('#D004', '28_05_2025_03:11:16', 1),
	('#D004', '29_05_2025_02:47:56', 1),
	('#D004', '29_05_2025_03:21:24', 2),
	('#D005', '25_05_2025_01:56:00', 1),
	('#D005', '26_03_2025_23:59:17', 1),
	('#D005', '26_05_2025_08:16:55', 3),
	('#D005', '26_05_2025_08:39:07', 1),
	('#D005', '27_03_2025_00:02:31', 1),
	('#D005', '27_03_2025_09:09:49', 1),
	('#D005', '28_05_2025_03:11:16', 3),
	('#D005', '29_05_2025_02:47:56', 1),
	('#D005', '29_05_2025_03:23:11', 3),
	('#D006', '25_05_2025_01:56:00', 1),
	('#D006', '26_03_2025_23:59:34', 2),
	('#D006', '26_05_2025_08:16:55', 1),
	('#D006', '27_03_2025_00:01:07', 1),
	('#D006', '27_03_2025_09:09:49', 1),
	('#D006', '28_05_2025_03:11:16', 1),
	('#D006', '29_05_2025_02:47:40', 1),
	('#D006', '29_05_2025_02:47:56', 1),
	('#D006', '29_05_2025_03:21:24', 1),
	('#D006', '29_05_2025_03:21:42', 1),
	('#D006', '29_05_2025_03:23:11', 3),
	('#D006', '29_05_2025_04:09:39', 1),
	('#D006', '29_05_2025_04:40:51', 3),
	('#D007', '25_05_2025_01:56:00', 1),
	('#D007', '26_03_2025_23:59:34', 2),
	('#D007', '26_05_2025_08:16:55', 1),
	('#D007', '26_05_2025_08:44:24', 1),
	('#D007', '27_03_2025_00:00:06', 1),
	('#D007', '27_03_2025_09:09:49', 1),
	('#D007', '28_05_2025_21:54:47', 3),
	('#D007', '29_05_2025_02:47:40', 1),
	('#D007', '29_05_2025_02:47:56', 1),
	('#D007', '29_05_2025_03:20:51', 1),
	('#D007', '29_05_2025_03:21:24', 1),
	('#D007', '29_05_2025_03:21:42', 1),
	('#D008', '25_05_2025_01:56:00', 4),
	('#D008', '26_03_2025_22:08:03', 2),
	('#D008', '26_03_2025_23:59:17', 1),
	('#D008', '26_03_2025_23:59:34', 2),
	('#D008', '26_05_2025_08:16:55', 1),
	('#D008', '26_05_2025_08:39:07', 2),
	('#D008', '27_03_2025_00:01:07', 1),
	('#D008', '27_03_2025_00:02:31', 3),
	('#D008', '27_03_2025_07:48:59', 1),
	('#D008', '27_03_2025_08:26:01', 1),
	('#D008', '27_03_2025_08:29:58', 1),
	('#D008', '27_03_2025_08:30:53', 1),
	('#D008', '27_03_2025_08:31:13', 1),
	('#D008', '27_03_2025_08:41:18', 1),
	('#D008', '27_03_2025_09:09:49', 1),
	('#D008', '28_05_2025_21:54:47', 4),
	('#D008', '29_05_2025_02:47:26', 1),
	('#D008', '29_05_2025_02:47:40', 1),
	('#D008', '29_05_2025_02:47:56', 1),
	('#D008', '29_05_2025_03:20:51', 1),
	('#D008', '29_05_2025_03:21:24', 1),
	('#D008', '29_05_2025_03:21:42', 1),
	('#D008', '29_05_2025_04:09:39', 2),
	('#D009', '25_05_2025_00:32:22', 2),
	('#D009', '25_05_2025_01:56:00', 2),
	('#D009', '26_03_2025_23:59:17', 1),
	('#D009', '26_03_2025_23:59:48', 1),
	('#D009', '26_05_2025_08:16:55', 1),
	('#D009', '26_05_2025_08:39:07', 1),
	('#D009', '27_03_2025_00:00:31', 1),
	('#D009', '27_03_2025_00:01:07', 1),
	('#D009', '27_03_2025_09:09:49', 1),
	('#D009', '28_05_2025_21:54:47', 3),
	('#D009', '29_05_2025_02:47:26', 1),
	('#D009', '29_05_2025_02:47:40', 1),
	('#D009', '29_05_2025_02:47:56', 1),
	('#D009', '29_05_2025_03:20:51', 1),
	('#D009', '29_05_2025_03:21:14', 1),
	('#D009', '29_05_2025_03:21:24', 1),
	('#D010', '25_05_2025_01:56:00', 2),
	('#D010', '26_03_2025_23:59:17', 1),
	('#D010', '26_05_2025_08:16:55', 1),
	('#D010', '26_05_2025_08:39:07', 1),
	('#D010', '27_03_2025_00:00:06', 2),
	('#D010', '27_03_2025_00:00:51', 2),
	('#D010', '27_03_2025_08:09:18', 1),
	('#D010', '27_03_2025_08:34:17', 1),
	('#D010', '27_03_2025_09:09:49', 1),
	('#D010', '29_05_2025_02:47:26', 1),
	('#D010', '29_05_2025_02:47:40', 1),
	('#D010', '29_05_2025_02:47:56', 1),
	('#D010', '29_05_2025_03:20:51', 1),
	('#D010', '29_05_2025_03:21:14', 1),
	('#D011', '25_05_2025_01:56:00', 1),
	('#D011', '26_03_2025_22:08:06', 1),
	('#D011', '26_03_2025_23:59:17', 3),
	('#D011', '26_05_2025_08:39:07', 1),
	('#D011', '27_03_2025_00:00:31', 2),
	('#D011', '27_03_2025_08:05:30', 1),
	('#D011', '27_03_2025_08:28:01', 1),
	('#D011', '27_03_2025_08:52:30', 1),
	('#D011', '27_03_2025_09:09:49', 2),
	('#D011', '28_05_2025_03:14:26', 2),
	('#D011', '28_05_2025_04:00:53', 1),
	('#D011', '29_05_2025_03:21:14', 1),
	('#D011', '29_05_2025_03:21:42', 1),
	('#D011', '29_05_2025_04:49:46', 2),
	('#D012', '25_05_2025_01:56:00', 1),
	('#D012', '25_05_2025_03:04:20', 1),
	('#D012', '26_03_2025_23:59:17', 3),
	('#D012', '26_05_2025_08:16:55', 1),
	('#D012', '27_03_2025_00:00:31', 2),
	('#D012', '27_03_2025_09:09:49', 1),
	('#D012', '29_05_2025_03:21:03', 1),
	('#D012', '29_05_2025_03:21:14', 2),
	('#D012', '29_05_2025_03:21:42', 1),
	('#D012', '29_05_2025_03:23:11', 1),
	('#D013', '22_05_2025_20:45:35', 1),
	('#D013', '25_05_2025_01:56:00', 1),
	('#D013', '26_03_2025_22:08:03', 1),
	('#D013', '26_05_2025_08:16:55', 1),
	('#D013', '26_05_2025_08:39:07', 1),
	('#D013', '27_03_2025_00:00:06', 3),
	('#D013', '27_03_2025_00:00:31', 2),
	('#D013', '27_03_2025_07:57:05', 1),
	('#D013', '27_03_2025_07:58:34', 1),
	('#D013', '27_03_2025_09:09:49', 1),
	('#D013', '28_05_2025_04:00:53', 3),
	('#D013', '28_05_2025_16:01:41', 2),
	('#D013', '28_05_2025_21:48:51', 5),
	('#D013', '29_05_2025_03:20:51', 1),
	('#D013', '29_05_2025_03:21:03', 1),
	('#D013', '29_05_2025_03:21:42', 1),
	('#D013', '29_05_2025_03:23:11', 1),
	('#D013', '29_05_2025_04:49:46', 2),
	('#D014', '22_05_2025_20:45:35', 1),
	('#D014', '26_03_2025_22:08:06', 2),
	('#D014', '26_05_2025_08:16:55', 1),
	('#D014', '27_03_2025_00:00:31', 2),
	('#D014', '27_03_2025_09:09:49', 1),
	('#D014', '28_05_2025_04:00:53', 3),
	('#D014', '28_05_2025_21:48:51', 5),
	('#D014', '28_05_2025_21:54:27', 10),
	('#D014', '29_05_2025_03:20:51', 1),
	('#D014', '29_05_2025_03:21:03', 2),
	('#D014', '29_05_2025_03:23:11', 1);

CREATE TABLE IF NOT EXISTS `dining_table` (
  `tableID` varchar(10) NOT NULL,
  `floorStay` varchar(50) NOT NULL,
  `operatingStatus` varchar(50) NOT NULL,
  `responsibleBy` varchar(50) DEFAULT NULL,
  PRIMARY KEY (`tableID`),
  KEY `fk_responsible_by` (`responsibleBy`),
  CONSTRAINT `fk_responsible_by` FOREIGN KEY (`responsibleBy`) REFERENCES `staff` (`staffID`) ON DELETE SET NULL ON UPDATE CASCADE
) ENGINE=InnoDB DEFAULT CHARSET=utf8mb4 COLLATE=utf8mb4_general_ci;

INSERT INTO `dining_table` (`tableID`, `floorStay`, `operatingStatus`, `responsibleBy`) VALUES
	('#T101', '1', 'Sẵn sàng phục vụ', 'UA - 123'),
	('#T102', '1', 'Sẵn sàng phục vụ', 'UA - 123'),
	('#T103', '1', 'Sẵn sàng phục vụ', 'UA - 123'),
	('#T104', '1', 'Sẵn sàng phục vụ', 'UA - 123'),
	('#T105', '1', 'Sẵn sàng phục vụ', 'UA - 123'),
	('#T106', '1', 'Sẵn sàng phục vụ', 'UA - 123'),
	('#T107', '1', 'Sẵn sàng phục vụ', 'UA - 123'),
	('#T108', '1', 'Sẵn sàng phục vụ', 'UA - 123'),
	('#T201', '2', 'Sẵn sàng phục vụ', 'UA - 432'),
	('#T202', '2', 'Sẵn sàng phục vụ', 'UA - 432'),
	('#T203', '2', 'Sẵn sàng phục vụ', 'UA - 432'),
	('#T204', '2', 'Sẵn sàng phục vụ', 'UA - 432'),
	('#T205', '2', 'Sẵn sàng phục vụ', 'UA - 432'),
	('#T206', '2', 'Sẵn sàng phục vụ', 'UA - 432'),
	('#T207', '2', 'Sẵn sàng phục vụ', 'UA - 432'),
	('#T208', '2', 'Sẵn sàng phục vụ', 'UA - 352'),
	('#T209', '2', 'Sẵn sàng phục vụ', 'UA - 352'),
	('#T210', '2', 'Sẵn sàng phục vụ', 'UA - 352'),
	('#T211', '2', 'Sẵn sàng phục vụ', 'UA - 352'),
	('#T212', '2', 'Sẵn sàng phục vụ', 'UA - 352'),
	('#T213', '2', 'Sẵn sàng phục vụ', 'UA - 352'),
	('#T214', '2', 'Sẵn sàng phục vụ', 'UA - 352'),
	('#T215', '2', 'Sẵn sàng phục vụ', 'UA - 352'),
	('#T216', '2', 'Sẵn sàng phục vụ', 'UA - 352');

CREATE TABLE IF NOT EXISTS `dish` (
  `dishID` varchar(10) NOT NULL,
  `dishName` varchar(50) NOT NULL,
  `dishPrice` double NOT NULL,
  `dishCategory` varchar(50) NOT NULL,
  `dishImage` varchar(1024) DEFAULT NULL,
  PRIMARY KEY (`dishID`)
) ENGINE=InnoDB DEFAULT CHARSET=utf8mb4 COLLATE=utf8mb4_general_ci;

INSERT INTO `dish` (`dishID`, `dishName`, `dishPrice`, `dishCategory`, `dishImage`) VALUES
	('#D001', 'Sushi Tôm Nướng', 48, 'Hải sản nướng', 'src/image/Sushi tôm nướng.png'),
	('#D002', 'Sushi Bạch Tuột', 48, 'Hải sản sống', 'src/image/Sushi Bạch Tuột.png'),
	('#D003', 'Sushi Cá Basa', 48, 'Hải sản hấp', 'src/image/Sushi Cá Basa.png'),
	('#D004', 'Sushi Cá Hồi Sốt Tare', 48, 'Hải sản nướng', 'src/image/Sushi cá hồi sốt Tare.png'),
	('#D005', 'Sushi Sò Đỏ', 48, 'Hải sản sống', 'src/image/Sushi Sò Đỏ.png'),
	('#D006', 'Cơm Cuộn Phủ Bơ', 49, 'Cơm cuộn trái cây', 'src/image/Cơm cuộn phủ bơ.png'),
	('#D007', 'Cơm Cuộn California', 49, 'Cơm cuộn hải sản', 'src/image/Cơm cuộn california.png'),
	('#D008', 'Cơm Cuộn Phủ Xoài', 49, 'Cơm cuộn trái cây', 'src/image/Cơm cuộn phủ xoài.png'),
	('#D009', 'Cơm Cuộn Mix Cá Ngừ, Cá Hồi, Bò Wagyu', 109, 'Cơm cuộn mix', 'src/image/Cơm cuộn mix cá ngừ, cá hồi, bò wagyu.png'),
	('#D010', 'Cơm Thịt heo kho kiểu Nhật', 79, 'Cơm và thịt', 'src/image/Cơm thịt heo kho kiểu Nhật.png'),
	('#D011', 'Cơm Cá Basa sốt Teriyaki', 79, 'Cơm Hải sản', 'src/image/Cơm cá Basa sốt Teriyaki.png'),
	('#D012', 'Cơm ba chỉ heo nướng và trứng', 79, 'Cơm và thịt', 'src/image/Cơm ba chỉ heo và trứng.png'),
	('#D013', 'Mì Ramen truyền thống', 79, 'Ramen', 'src/image/Mì ramen truyền thống.png'),
	('#D014', 'Mì Ramen miso', 80, 'Ramen', 'src/image/Mì ramen miso.png');

CREATE TABLE IF NOT EXISTS `ranking_staff` (
  `staffID` varchar(50) NOT NULL,
  `totalSessions` int(11) NOT NULL,
  `totalDishes` int(11) NOT NULL,
  `rating` double NOT NULL DEFAULT 0,
  `ranking` int(11) NOT NULL DEFAULT 0,
  PRIMARY KEY (`staffID`),
  CONSTRAINT `fk_staff_id_for_ranking` FOREIGN KEY (`staffID`) REFERENCES `staff` (`staffID`) ON DELETE CASCADE ON UPDATE CASCADE
) ENGINE=InnoDB DEFAULT CHARSET=utf8mb4 COLLATE=utf8mb4_general_ci;

INSERT INTO `ranking_staff` (`staffID`, `totalSessions`, `totalDishes`, `rating`, `ranking`) VALUES
	('UA - 123', 27, 139, 179.5, 1),
	('UA - 352', 9, 42, 55.5, 3),
	('UA - 432', 7, 67, 77.5, 2);

CREATE TABLE IF NOT EXISTS `salary_records` (
  `recordID` int(11) NOT NULL AUTO_INCREMENT,
  `staffID` varchar(10) DEFAULT NULL,
  `month` varchar(7) DEFAULT NULL,
  `baseSalary` double DEFAULT NULL,
  `bonus` double DEFAULT NULL,
  `total` double DEFAULT NULL,
  `createdAt` timestamp NOT NULL DEFAULT current_timestamp(),
  PRIMARY KEY (`recordID`)
) ENGINE=InnoDB AUTO_INCREMENT=4 DEFAULT CHARSET=utf8mb4 COLLATE=utf8mb4_general_ci;

INSERT INTO `salary_records` (`recordID`, `staffID`, `month`, `baseSalary`, `bonus`, `total`, `createdAt`) VALUES
	(1, 'UA - 123', '2025-06', 5000000, 1000000, 6000000, '2025-06-15 03:34:23'),
	(2, 'UA - 352', '2025-06', 5000000, 500000, 5500000, '2025-06-15 03:34:23'),
	(3, 'UA - 432', '2025-06', 5000000, 500000, 5500000, '2025-06-15 03:34:23');

CREATE TABLE IF NOT EXISTS `sessions` (
  `sessionID` int(11) NOT NULL AUTO_INCREMENT,
  `staffID` varchar(50) DEFAULT NULL,
  `tableID` varchar(10) NOT NULL,
  `billID` varchar(50) NOT NULL,
  PRIMARY KEY (`sessionID`) USING BTREE,
  KEY `FK_tableID_in_sessions` (`tableID`),
  KEY `FK_billID_in_sessions` (`billID`),
  KEY `FK_staffID_in_sessions` (`staffID`) USING BTREE,
  CONSTRAINT `FK_billID_in_sessions` FOREIGN KEY (`billID`) REFERENCES `bill` (`billID`) ON DELETE CASCADE ON UPDATE CASCADE,
  CONSTRAINT `FK_staffID_in_sessions` FOREIGN KEY (`staffID`) REFERENCES `staff` (`staffID`) ON DELETE SET NULL ON UPDATE CASCADE,
  CONSTRAINT `FK_tableID_in_sessions` FOREIGN KEY (`tableID`) REFERENCES `dining_table` (`tableID`) ON DELETE CASCADE ON UPDATE CASCADE
) ENGINE=InnoDB AUTO_INCREMENT=195 DEFAULT CHARSET=utf8mb4 COLLATE=utf8mb4_general_ci;


CREATE TABLE IF NOT EXISTS `staff` (
  `staffID` varchar(50) NOT NULL,
  `userName` varchar(20) DEFAULT NULL,
  `password` varchar(20) DEFAULT NULL,
  `fullName` varchar(50) NOT NULL,
  `sex` varchar(50) NOT NULL,
  `phone` varchar(11) NOT NULL,
  `position` varchar(50) NOT NULL,
  `startShift` time DEFAULT NULL,
  `endShift` time DEFAULT NULL,
  PRIMARY KEY (`staffID`)
) ENGINE=InnoDB DEFAULT CHARSET=utf8mb4 COLLATE=utf8mb4_general_ci;

INSERT INTO `staff` (`staffID`, `userName`, `password`, `fullName`, `sex`, `phone`, `position`, `startShift`, `endShift`) VALUES
	('UA - 123', 'ductran', '123', 'Trần Thanh Đức', 'Nam', 'xxx', 'Nhân Viên', NULL, NULL),
	('UA - 214', 'khoale', '123', 'Lê Đăng Khoa', 'Nam', 'xxx', 'Nhân Viên', NULL, NULL),
	('UA - 352', 'kientrinh', '123', 'Trịnh Công Kiền', 'Nam', 'xxx', 'Nhân Viên', NULL, NULL),
	('UA - 432', 'baonguyen', '123', 'Nguyễn Hữu Quốc Bảo', 'Nam', '0777416436', 'Nhân Viên', NULL, NULL);

CREATE TABLE IF NOT EXISTS `users` (
  `id` varchar(50) NOT NULL,
  `username` varchar(50) NOT NULL,
  `email` varchar(50) NOT NULL,
  `password` varchar(50) NOT NULL,
  `position` varchar(50) DEFAULT NULL,
  PRIMARY KEY (`id`) USING BTREE
) ENGINE=InnoDB DEFAULT CHARSET=utf8mb4 COLLATE=utf8mb4_general_ci;

INSERT INTO `users` (`id`, `username`, `email`, `password`, `position`) VALUES
	('1', 'admin', 'ductt.24it@vku.udn.vn', 'TgwhL4uAgKhW7y8lbPuU0g==', 'Quản lí'),
	('2', 'ductran', 'ductt.24it@vku.udn.vn', 'TgwhL4uAgKhW7y8lbPuU0g==', 'Nhân viên'),
	('3', 'kientrinh', 'kientc.24it@vku.udn.vn', 'TgwhL4uAgKhW7y8lbPuU0g==', 'Nhân viên'),
	('4', 'baonguyen', 'baonhq.24it@vku.udn.vn', 'TgwhL4uAgKhW7y8lbPuU0g==', 'Nhân viên'),
	('5', 'khoale', 'khoald.24it@vku.udn.vn', 'TgwhL4uAgKhW7y8lbPuU0g==', 'Nhân viên');

/*!40103 SET TIME_ZONE=IFNULL(@OLD_TIME_ZONE, 'system') */;
/*!40101 SET SQL_MODE=IFNULL(@OLD_SQL_MODE, '') */;
/*!40014 SET FOREIGN_KEY_CHECKS=IFNULL(@OLD_FOREIGN_KEY_CHECKS, 1) */;
/*!40101 SET CHARACTER_SET_CLIENT=@OLD_CHARACTER_SET_CLIENT */;
/*!40111 SET SQL_NOTES=IFNULL(@OLD_SQL_NOTES, 1) */;
